label,tweet_id,tweet,length,#URLs,#mentions,#hashs,verified,#followers,#replies,#retweets,#tweets,#favourites,account_age,user_engagement,sentiment_score
0,615689290706595840,.@whitehouse in rainbow colors for #scotusmarriage? here's what i think about that decision: URL,96,1,1,1,1,2718461,50,264,20582,500,2216,9.655234657039712,0.0
1,613404935003217920,cops bought the alleged church shooter burger king hours after killings URL,75,1,0,0,1,11232698,36,88,615466,27,2616,235.3275993883792,-0.6705
1,622891631293935616,#wakeupamericaüá∫üá∏ who needs a #gun registry when #obama has all your personal information URL URL,96,2,0,3,0,155313,14,112,302421,67,2305,131.28590021691974,-0.34
0,553589051044151296,several hostages freed at jewish supermarket in paris. photo thomas samson #afp URL,83,1,0,1,1,199664,7,138,36560,20,823,44.62332928311057,0.4019
0,553590835850514433,"hostage-taker in supermarket siege killed, reports say. #parisattacks URL URL",77,2,0,1,1,8278077,16,184,563067,81,2731,206.2790186744782,-0.6705
1,656870311057575936,the 5 most accurate predictions from the decade-jumping adventures in #backtothefuture: URL URL,95,2,0,1,1,18607371,2,196,441498,151,2160,204.5587962962963,0.34
0,616311563071434753,apologies if you've already seen a crow riding a bald eagle today. image: phoo chan story: URL URL,98,2,0,0,1,163810,30,428,23886,366,2288,10.799825174825175,0.0
0,525060425184858112,"the canadian soldier killed in today's ottawa shooting is cpl. nathan cirillo, a family source told cnn. live blog: URL",119,1,0,0,1,64119860,43,294,78834,204,2850,27.850877192982455,-0.6705
1,672513234419638273,thoughts and prayers are not enough. pres. obama speaks on mass shootings over the years: URL URL,97,2,0,0,1,17764563,36,107,403483,144,2434,165.8874281018899,0.0
0,544382892378714113,five hostages escape sydney cafe siege ‚Äî live updates from @buzzfeedoz URL URL,78,2,1,0,1,1409024,5,97,212296,108,727,292.3053645116919,0.1779
1,626898253900943360,everyone mad at bruce for his sex change but no one gave ashit about that nerd minkus changing into chanel west coast URL,121,1,0,0,0,904411,27,1274,39271,1924,1233,34.465531224655315,-0.7717
1,618804516578680832,family: @schwarzenegger's last act as governor stole justice from dead son. URL URL,83,2,1,0,1,60824712,28,199,392532,168,3071,127.9475740801042,-0.2263
1,672632899921833984,why have there been more mass shootings under obama than the 4 previous presidents combined? URL URL,100,2,0,0,0,105402,63,196,690197,126,1090,633.5614678899083,0.0
0,553588178687655936,reports: #charliehebdo suspects killed URL,42,1,0,1,1,11232698,7,164,615466,63,2451,251.20359037127702,-0.7845
1,613016993692798977,police chief says dylann roof was taken to burger king shortly after arrest URL,79,1,0,0,1,216506,9,109,247060,26,821,301.10109622411693,-0.34
1,663385747177775105,"steve jobs was adopted. his biological father was abdulfattah jandali, a syrian muslim.",87,0,0,0,0,3479060,2,260,802369,198,3148,255.0282719186785,0.0
0,524966904885428226,breaking update: canadian soldier injured at parliament hill shooting dies URL #ottawa,86,1,0,1,1,3078071,4,84,432533,13,1898,227.94204425711274,-0.4019
1,613393657161510913,cops bought burger king for dylann roof following his arrest URL URL,68,2,0,0,1,1246578,25,173,266560,81,2467,108.16335630320226,-0.34
0,544374511194632192,update: total of 5 people have been able to get out of sydney cafe during hostage situation: URL URL,100,2,0,0,1,17764563,7,177,403483,82,2081,194.01681883709756,0.0
1,652783670370115585,"steve jobs was adopted. his biological father was abdulfattah jandali, a syrian muslim.",87,0,0,0,0,3479060,2,352,802369,209,3119,257.4325104200064,0.0
1,674187250792558592,donald trump v adolf hitler URL,31,1,0,0,0,28760,6,235,41081,138,1993,20.802809834420472,0.0
0,524935485370929152,shooting in canadian parliament comes day after isis-inspired radical drove in2 canadian soldier. also reports of shooting at war memorial/1,140,0,0,0,1,351817,6,81,34681,6,2019,17.223377909856364,-0.5994
1,674244561519161344,"you're increasingly compared to hitler. does that bother you? trump: ""no."" URL",78,1,0,0,1,9329877,11,173,492354,104,3193,154.28813028499843,-0.34
0,553535829017370625,#breaking - at least five hostages in paris kosher supermarket: (afp) URL #vincennes URL,88,2,0,2,1,4079383,4,155,379336,11,2849,133.2067392067392,0.0
1,656830586577883136,happy #backtothefuture day! how did 'back to the future: part ii' score on 2015 predictions? URL URL,100,2,0,1,1,17764563,7,308,403483,299,2391,169.00752823086574,0.6114
0,649985459389661184,an openly gay man said that he and his partner met with pope francis a day before kim davis did URL,99,1,0,0,1,54785151,38,236,494217,243,3136,157.7595663265306,0.0
0,553531413459660800,update - afp says gunman who has taken a hostage at kosher supermarket in paris believed to be suspect in killing of policewoman on thursday,140,0,0,0,1,4984441,10,259,57278,23,1892,30.428118393234673,-0.765
1,663925546812837888,"solo cups have been red for decades. if starbucks was taking a shot at christmas, solo shot first.",98,0,0,0,0,9987,14,278,7506,352,2733,2.982070984266374,0.0
1,637382230394822656,ben carson: what happened to blacks during slavery is why i am pro-life on abortion today URL URL,97,2,0,0,0,261969,0,60,245282,53,2256,108.77437943262412,-0.7003
1,675043569367982081,‚Äòel chapo‚Äô threatens #isis: ‚Äòmy men will destroy you‚Äô - URL URL,63,2,0,1,1,443689,10,582,433266,337,2775,156.46666666666667,-0.7269
0,544314234541469696,uber intros surge pricing in downtown sydney during hostage siege URL URL,73,2,0,0,1,9329877,76,218,492354,62,2835,173.79541446208114,0.0
0,553534838880608256,#breaking gunman in policewoman killing suspected in new paris hostage-taking: source,85,0,0,1,1,2426621,7,162,318595,22,1200,265.655,-0.743
1,633961125126668288,a new cnn/orc poll finds @hillaryclinton ahead of @realdonaldtrump by just 6 points URL URL,91,2,2,0,1,4468943,99,287,216141,319,2734,79.3145574250183,0.0
0,544512108885725184,paramedics are currently carrying out a number of hostages in #martinpl. #sydneysiege #9news,92,0,0,3,1,186951,4,116,313909,39,1601,196.16989381636478,0.0772
0,552805488631758849,"at least 12 killed in today's attack on satirical magazine #charliehebdo in paris, official says. URL",101,1,0,1,1,64119860,71,868,78834,217,2927,27.328322514519986,-0.8225
1,645711628046995462,latest starving 'refugees' from #syria . these guys look like friggin soldiers to me! URL,89,1,0,1,0,4662,18,72,50082,30,1356,37.02212389380531,-0.1511
0,614608936491188225,white house lit in rainbow colors after gay marriage ruling URL URL,67,2,0,0,1,3448785,17,891,479433,1302,2413,199.6033982594281,0.0
0,674263945172119552,1.15 million americans have been killed by guns since john lennon's death URL URL,81,2,0,0,1,6386998,75,1702,182845,995,2763,67.17951501990589,-0.8555
1,612646796355960832,"after arrest, dylann roof was hungry. police bought him food from burger king. more details: URL URL",100,2,0,0,1,1243720,89,1697,106227,592,1966,55.241607324516785,-0.34
0,544511199702822913,police move in: police confirm live ammunition used in martin place #sydneysiege,80,0,0,1,1,371984,5,69,294838,29,1642,179.62302070645555,0.0
0,553107921081749504,"two shot in paris, including traffic cop, as manhunt continues for #charliehebdo suspects URL URL",97,2,0,1,1,9351328,6,91,357410,30,2487,143.76236429433052,-0.34
1,666190716448587776,warning syrian refugees hv arrived in neworlean &they r here 2stay ur funds r being well invested in one-way tickets URL,120,1,0,0,0,70444,17,72,245782,36,866,283.95727482678984,-0.0772
1,675193315306905600,el chapo vs isis: mexican cartel boss threatens islamic state over drug trade URL URL,85,2,0,0,1,3078071,12,145,432533,75,2313,187.1011673151751,-0.3818
1,674364257799004160,adolf hitler vs donald trump URL,32,1,0,0,0,464533,161,1889,266605,1599,2082,129.80499519692603,0.0
1,662430295254175744,#opkkk releases 500+ names and reveals unexpected #plottwist URL URL,68,2,0,2,0,626525,17,283,51168,200,1791,28.848687883863764,0.0
0,544512676643500033,breaking @skybusiness: freed hostage borne high from #sydneysiege w/c.4 paramedic teams on the scene URL ( carsonscottli,120,1,1,1,1,642761,3,121,307828,28,2249,136.9408626056025,0.4019
1,638050997340893184,"in celebrity death hoax news, james earl jones is not dead. URL URL",67,2,0,0,1,60824713,43,371,392532,409,3124,125.91389244558259,-0.3732
0,544324444773433348,"uber says it has hiked prices in sydney to ""encourage more drivers to come online & pick up passengers."" URL #sydneysiege",121,1,0,1,1,9329877,37,131,492354,30,2835,173.73968253968255,0.5106
1,673984270902427650,donald trump and adolf hitler. two sides of the same coin. #racism #fascism URL,79,1,0,2,0,2027,14,90,16915,86,2012,8.501491053677933,-0.6249
0,524975705206304769,#nhl cancels tonight's game between #ottawa and #toronto due to today's shootings. senators were to host maple leafs.,117,0,0,3,1,1533964,17,310,162141,130,2106,77.20702754036087,-0.2263
1,618805892222468096,jay z and beyonc√© want to buy rights to the confederate flag: URL URL,69,2,0,0,1,1580666,10,131,116678,116,1624,72.00431034482759,0.0772
0,614595181845839873,the white house is lit up rainbow. URL,38,1,0,0,1,22897,82,1823,17964,2433,2356,9.466044142614601,0.0
1,666633171325353989,"the myth of zouheir, a ""hero muslim security guard"" in paris URL (via @bbctrending) URL",87,2,1,0,1,39197912,18,196,356128,110,3211,111.00965431329804,0.7184
0,544512664769396736,"breaking: police enter #lindt cafe, hostages flee URL #sydneysiege URL",70,2,0,2,1,3078071,6,196,432533,50,1952,221.71362704918033,0.0
1,653250169752977408,".@hillaryclinton is ahead of @berniesanders by 19 percentage points, in a new cbs news poll released sunday. URL",112,1,2,0,1,60824714,51,131,392532,147,3166,124.08749210360075,0.0
1,643103859729166337,unreal: watch what happens when desperate muslim refugees are offered red cross food URL URL,92,2,0,0,1,788756,111,323,18700,135,1705,11.301466275659823,-0.3182
0,614599619310407680,white house is aglow in the colors of the rainbow celebrating the supreme court's same-sex marriage decision. URL,113,1,0,0,1,23453410,272,199,516420,253,3024,171.01322751322752,0.8074
1,661229627734667264,mayors flatly deny klan membership after #anonymous releases names online URL #opkkk #hoodsoff URL,98,2,0,3,1,227799,22,206,304751,74,2621,116.38801983975581,-0.34
1,673686233936072704,72 dhs employees on the terror watch list: URL h/t @penguinsfan62,65,1,1,0,1,1272717,42,250,149631,180,3057,49.101406607785414,-0.5267
0,614594667225571328,breaking: the @whitehouse is celebrating with us tonight lit up in rainbow colors. #lovewins URL,96,1,1,1,1,140109,6,257,57572,332,1234,47.13695299837926,0.5719
1,644229386149888001,"greek customs captured containers of weapons and ammunition going to refugee camps in europe as ""plastic furniture"" URL",119,1,0,0,0,8568,11,57,48993,18,2460,19.95081300813008,-0.4404
1,671181758692507648,desperate ted cruz claims planned parenthood shooter was transgender leftis; based on rumor he read URL,103,1,0,0,1,140109,30,76,57572,52,1390,41.53237410071942,-0.3182
1,626642648179159040,this is how people in china are riding escalators after a horrific accident URL URL,83,2,0,0,1,6248039,28,348,327210,262,3012,108.8472775564409,-0.8176
0,614610920782888960,there will be cool photos of the white house w rainbow colors tonight but hard to top this one by chuck kennedy. URL,116,1,0,0,1,252246,64,2616,1868,3657,2382,3.4445843828715366,0.3071
1,673872171341447169,72 dhs employees on terrorist watch list URL via @kredo0 URL,60,2,1,0,1,151476,20,64,157878,29,1432,110.32891061452514,-0.6908
0,544520042810200064,"#sydneysiege is over. 2 confirmed dead, #prayforsydney #prayforsydneyhostages #sydney #hostages",95,0,0,5,0,101101,3,92,29540,21,1090,27.207339449541283,-0.6486
1,664000310856310784,"mysterious creature discovered in california, everyone naturally cries alien: URL URL",85,2,0,0,1,2566098,29,283,383689,297,2836,135.5070521861777,-0.4019
1,676067381299576832,72 dhs employees on terrorist watch list - washington free beacon URL,69,1,0,0,1,4518780,65,186,52066,105,2362,22.193903471634208,-0.34
0,544515538383564801,"haron monis,hostage-taker in #sydney: fled #iran 96,suspect in ex-wife killing,46 sex assaults URL URL",102,2,0,2,1,158756,16,143,42976,25,2030,21.261083743842363,-0.5423
1,641443248909754368,kim davis angers 'eye of the tiger' creator after using song at prison release URL,82,1,0,0,1,9329877,13,174,492354,160,3103,158.78214631002257,-0.765
0,614601139422633984,white house lit in rainbow colors following us supreme court ruling that same-sex couples have right to marry. URL,114,1,0,0,1,1632532,38,629,204813,760,2067,99.77745524915336,0.5574
1,656047932093763584,"cnn/orc poll: clinton did best in 1st dem debate, but only sanders significantly increased support in past month. URL",117,1,0,0,1,64119860,86,149,78834,223,3212,24.68617683686177,0.8316
1,656595123590012928,10 'back to the future' predictions that actually came true URL URL,67,2,0,0,1,417152,2,210,110099,134,1825,60.51780821917808,0.4215
1,663817239896821760,for everyone who thinks starbucks red cups are ruining christmas URL URL,72,2,0,0,1,6248039,22,1205,327210,1702,3114,106.01766217084136,-0.25
1,672169954016403456,"pres. obama on #sanbernardino: ""we have a pattern now of mass shootings in this country that has no parallel."" URL",114,1,0,1,1,17764563,100,919,403483,491,2433,166.4582819564324,-0.296
1,674314254732931072,".@presssec: @realdonaldtrump comment ""disqualifies"" him from presidency URL via @talkopan URL",93,2,3,0,1,4468943,48,166,216141,105,2845,76.08435852372584,0.0
1,611039775856812032,what's lurking underneath that crispy crust? a kfc customer claims he got a fried rat: URL URL,94,2,0,0,1,14349307,49,521,283909,165,3007,94.66045892916529,-0.128
0,525068915068923904,***exclusive*** michael zahaf-bibeau caught on a #dashcam model sold at URL #ottawashooting URL,95,2,0,2,0,14592,1,92,10917,66,2150,5.151627906976744,0.128
0,544504183341064192,"escaped #sydneysiege hostage, elly chen, a top student and skilled sportswoman URL URL",86,2,0,1,1,1829220,8,140,511355,103,2113,242.12304779933743,0.2023
0,553476490315431937,police convoy and helicopters are rushing to scene to detain charlie hebdo massacre suspects URL URL,100,2,0,0,1,2804901,4,86,487797,21,2369,205.95525538201773,-0.6369
1,673696115305406466,72 dhs employees on terrorist watch list URL,44,1,0,0,1,73698,0,335,11244,43,2059,5.644487615347256,-0.6908
1,651825062174195712,ben carson is the most brainless brain surgeon in america. my new column: URL,77,1,0,0,1,8336980,98,223,151591,223,1786,85.18197088465845,0.0
1,633949800761700352,cnn/orc poll: donald trump now competitive in general election URL via @jennagiesta URL,87,2,1,0,1,4468943,53,124,216141,128,2734,79.16825164594002,0.1779
0,553587013409325058,#breaking charlie hebdo gunmen's hostage freed and safe after police assault,76,0,0,1,1,2426621,66,2153,318595,469,1200,267.73583333333335,0.2023
0,544513524438155264,"sydney siege: police enter cafe as hostages flee the scene, gunfire heard, reports of an injured person ‚Äì live URL",114,1,0,0,1,3851339,2,84,335309,20,2853,117.56572029442692,-0.4019
1,672219174463275008,"pres. obama on #sanbernardino: ""we have a pattern now of mass shootings in this country."" URL URL",97,2,0,1,1,17764563,60,238,403483,170,2434,165.9617912900575,0.0
0,614628865353351168,the white house takes on rainbow hues in celebrating #scotusmarriage decision: URL URL,86,2,0,1,1,14349307,30,387,283909,412,3017,94.37785880013259,0.5719
0,544358564484378624,police: negotiators are now in contact with armed hostage-taker in sydney situation; motive remains unknown - URL,113,1,0,0,1,17764563,2,94,403483,18,2081,193.9437770302739,0.0
0,544278985249550337,geoblock lifted on #abcnews24. streaming coverage of the martin place siege in sydney here URL,94,1,0,1,1,123249,16,235,23033,58,2116,11.031190926275993,0.0
0,544367462012432384,"more: police confirm 3 hostages escape sydney cafe, unknown number remain inside URL #sydneysiege",97,1,0,1,1,23453409,8,88,516420,49,2830,182.53180212014135,0.25
0,614645853291155457,"as sun goes down, white house lights up rainbow colors to celebrate scotus ruling: URL URL",90,2,0,0,1,4466222,17,147,1083244,151,3019,358.913216296787,0.5719
0,552791196247269378,"breaking: at least 10 killed in shooting at french satirical newspaper charlie hebdo, paris prosecutor's office says. URL",121,1,0,0,1,14349307,47,218,283909,59,2846,99.87104708362614,-0.6705
0,524943490887991296,"confirmed | 1 shooter shot dead at parliament hill, but there is more than 1 suspect. #cbcott #ottnews",102,0,0,2,1,262529,6,650,152103,92,2107,72.54437588989084,-0.7046
1,677099574855639044,plumber suing car dealership for $1m after truck he traded in ends up in hands of isis: URL URL,95,2,0,0,1,17764563,12,102,403483,79,2447,164.96771557008583,-0.2732
0,544391533240516608,five hostages have escaped the besieged lindt cafe in #sydney | our latest update: URL URL,90,2,0,1,1,8227579,3,111,321646,69,2799,114.97999285459092,0.0
1,656825206045020160,"#backtothefuture fans, it's october 21, 2015 ‚Äî the future is finally here! URL URL",82,2,0,1,1,8858388,8,253,359977,210,2694,133.79658500371195,0.0
0,525025279803424768,the soldier shot dead in wednesday's ottawa attacks has been named as cpl. nathan cirillo of #hamont #ottawashooting URL,120,1,0,2,1,8468,7,90,232744,30,2718,85.67733627667403,-0.802
1,666051332504207360,jindal protests sending of syrian refugees to new orleans URL URL,65,2,0,0,1,342703,19,79,154724,58,2488,62.250803858520904,-0.2263
0,553544694765215745,french police publishes photos of suspect in yesterday's montrouge shooting. maybe the same persons in kosher market URL,120,1,0,0,1,111434,15,134,14061,16,2634,5.400911161731207,-0.296
1,674080899055546368,a vote for donald trump is a vote for adolf hitler.,51,0,0,0,0,8065,13,85,61508,123,1679,36.76533650982728,0.0
1,657007736467525632,"steve jobs was adopted. his biological father was abdulfattah jandali, a syrian muslim.",87,0,0,0,0,3479060,5,201,802369,155,3131,256.3813478122006,0.0
0,614626710248534016,these colors celebrate a new chapter in the history of american civil rights. #lovewins URL URL,95,2,0,1,1,3583605,16,191,320542,194,3012,106.55478087649402,0.5719
0,649903655160815616,vatican says #kimdavis' meeting w/ #popefrancis 'should not be considered a form of support.' URL URL,101,2,0,2,1,60824713,121,278,392532,373,3157,124.58156477668673,0.4019
1,674301960787505153,donald trump has been disqualified for running for president URL,64,1,0,0,0,9282,4,99,93102,101,589,158.41426146010187,-0.4215
1,661870323034431489,holy shit. rupert murdoch just killed national geographic. URL,62,1,0,0,0,1752,20,413,76710,77,2462,31.364744110479286,-0.8442
1,637873886072320001,sanders closes to 7 points behind clinton in new iowa poll. URL URL,67,2,0,0,1,60824714,27,143,392532,285,3124,125.79609475032011,0.0
0,525056576038518785,soldier killed in canada shooting was a young reservist with a six-year-old son URL URL,87,2,0,0,1,3346540,125,786,519774,322,2225,234.16044943820225,-0.6705
1,672433211604013057,reagan (11 mass shootings) bush sr (12 mass shootings) clinton (23 mass shootings) bush jr (16 mass shootings) obama (162 mass shootings),137,0,0,0,0,104785,189,1427,277245,1012,1227,228.09535452322737,0.0
0,614618682543616000,white house shines rainbow-colored lights in honor of #scotus gay marriage decision #lovewins URL URL,101,2,0,2,1,3583605,22,330,320542,383,3012,106.6656706507304,0.4939
1,675064077367005184,el chapo threatens isis URL URL,31,2,0,0,0,125650,8,233,245151,131,2400,102.30125,-0.3818
0,544380742076088320,"this is shot that captures the #sydneysiege: sheer terror/relief of escaped hostages, incredible work of @nswpolice URL",119,1,1,1,1,12502,14,322,14157,209,2112,6.961174242424242,0.0
0,614605997953404929,white house lit in rainbow colors after high court's gay marriage ruling (with photo) URL,89,1,0,0,1,16023476,55,320,339278,353,2192,155.11222627737226,0.0
1,629503919098429440,chick-fil-a to open on sundays URL,34,1,0,0,0,527,2,80,1983,44,772,2.731865284974093,0.0
1,626546123713474560,this is how people in china are riding escalators after a horrific accident URL URL,83,2,0,0,1,6248039,37,258,327210,363,3012,108.8539176626826,-0.8176
1,672906198434209792,farook family attorney says brothers in the family never saw tashfeen malik's face because she always wore a burka. URL,119,1,0,0,1,17764563,79,96,403483,51,2435,165.794250513347,0.0
1,673615263040798726,72 dhs employees on terrorist watch list URL,44,1,0,0,1,642505,34,97,114817,61,1424,80.76474719101124,-0.6908
1,641050980985999360,"happy ""$15 minimum wage"" labor day from mcdonalds URL",53,1,0,0,0,1547727,11,100,490914,64,2431,202.0111065405183,0.5719
1,673664899571060736,72 dhs employees on terrorist watch list URL via @kredo0 URL,60,2,1,0,1,151476,5,66,157878,27,1432,110.31843575418995,-0.6908
1,675065047710892033,"mexican drug kingpin 'el chapo' reportedly threatens to destroy isis ""p*ssies."" URL URL",87,2,0,0,1,510682,2,86,72566,64,2549,28.52805021577089,-0.7269
1,668144671772778497,"according to anonymous, the next isis target is a wwe event in atlanta. URL URL",79,2,0,0,1,816477,12,106,393524,28,2945,133.67402376910016,0.0
0,524962142563610625,#breaking rick hughes at cbc hamilton: the soldier who was shot in ottawa wednesday morning is a reservist serving in hamilton,126,0,0,1,0,1207,5,148,4756,25,702,7.028490028490029,0.0
1,627828211003469825,this is how people in china are riding escalators after a horrific accident URL URL,83,2,0,0,1,6248039,17,187,327210,216,3015,108.66666666666667,-0.8176
0,614594195479752704,white house lit in rainbow colors after today's historic supreme court ruling #scotusmarriage URL,97,1,0,1,1,1049821,31,593,193559,777,2845,68.52724077328647,0.5574
0,614593989203886080,the @whitehouse is lit up like a rainbow! #lovewins URL,55,1,1,1,1,40636,4,154,32696,220,2336,14.158390410958905,0.4199
1,651959206287908868,"donald trump's capture, dead or alive, is reportedly worth $100 million to el chapo. URL URL",92,2,0,0,1,2566098,60,2528,383689,1756,2803,138.43489118801284,-0.2023
0,681147789653356544,katy perry -- makes holiday wish come true for burn victim URL,62,1,0,0,1,6520851,19,240,398847,357,2657,150.34362062476478,0.7269
1,652882609219833856,.@realdonaldtrump: what's the secret of my popularity? my looks. i'm very handsome. URL URL,91,2,1,0,1,60824715,142,287,392532,305,3165,124.25466034755134,0.7645
0,544476808566276097,tv channels have chosen not to show videos of hostages relaying #sydneysiege gunman's demands. URL URL,102,2,0,1,1,8275416,23,108,563067,58,2706,208.15077605321508,0.0
1,647464349611589632,"poll: @hillaryclinton trails @berniesanders in new hampshire, even without @vp in the race URL URL",98,2,3,0,1,60824714,28,124,392532,172,3150,124.71619047619048,0.0
0,524952883343925249,watch video showing gunfire inside canada's parliament in ottawa URL URL,72,2,0,0,1,51533833,47,809,38623,225,2740,14.49051094890511,0.0
1,656662726014599168,"the father of steve jobs, the ground-breaking founder of apple, was a refugee from syria URL URL",96,2,0,0,1,27140191,32,414,328595,257,3084,106.77626459143968,0.0
1,674229534888185856,who said it: donald trump or adolf hitler? URL URL,50,2,0,0,1,3346540,17,179,519774,127,2637,197.23056503602578,0.0
1,600451916414484480,nasa recently released imagery showing the deforestation of america ‚Ä¶in just 34 years. URL,90,1,0,0,0,14776,3,245,3539,119,683,5.718887262079063,0.0
1,641088973717110784,#imachristianbut i wish chick-fil-a was open on sundays.,56,0,0,1,0,346,2,104,34656,172,1732,20.169745958429562,0.4019
0,553508098825261056,police have surrounded this building where the suspected #charliehebdo attackers are holed-up URL URL,101,2,0,1,1,9351328,9,173,357410,61,2488,143.75120578778134,-0.6808
0,614628136634949632,the @whitehouse is lit up in a rainbow #lovewins URL,52,1,1,1,0,572517,6,194,40643,244,2253,18.236573457612074,0.0
0,580324027715063808,"just in: germanwings plane crashes in southern france, up to 150 feared dead URL",80,1,0,0,1,1231608,3,139,659115,18,2147,307.06800186306475,-0.8176
1,674301413040758785,".@presssec: @realdonaldtrump muslim comment ""disqualifies"" him from presidency URL URL",86,2,2,0,1,14349307,60,913,283909,645,3181,89.76013832128261,0.0
0,524941132237910016,here's that dramatic video via @josh_wingrove of shots fired inside parliament building: URL #ottawa #shooting,110,1,1,2,1,1754,2,77,8237,18,2001,4.164917541229386,-0.5574
1,655986243042459648,"steve jobs was adopted. his biological father was abdulfattah jandali, a syrian muslim.",87,0,0,0,0,3479060,2,328,802369,215,3128,256.6860613810742,0.0
0,544283772569788416,live updates: siege in sydney cafe URL,38,1,0,0,1,8278077,17,134,563067,44,2706,208.1529933481153,0.0
1,662381914842603520,"rt @operation_kkk: official #opkkk #hoodsoff 2015 data release URL with love, anonymous . URL",93,2,1,2,0,29134,5,85,154072,53,1941,79.45131375579598,0.6369
0,615494435074363392,"if they can light up the white house like a rainbow for gay pride, it sure as hell better be red, white & blue for independence day. merica.",140,0,0,0,0,213275,10,1188,10388,1793,924,14.479437229437229,0.5423
0,676367888543031296,"north carolina town rejects solar panels for sucking ""up all the energy from the sun.‚Äù URL URL",94,2,0,0,1,206954,49,320,139411,164,2755,50.79637023593467,-0.2732
1,613425834301485056,police bought #dylannroof food from @burgerking after he was arrested for church shooting: URL URL,98,2,1,1,1,620715,15,87,148514,27,2294,64.79642545771578,-0.4767
1,659428447459110912,"#opkkk: #anonymous to reveal identities of 1,000 ku klux klan members URL URL",77,2,0,2,0,479982,7,110,58054,73,1049,55.52335557673975,0.0
1,659439879701602304,fda confiscates several thousand chickens from kfc farms as mutations worsen URL URL,84,2,0,0,0,63594,18,78,54084,26,971,55.8249227600412,-0.5106
0,553590459688570880,several hostages freed at jewish supermarket in paris. photo thomas samson #afp URL,83,1,0,1,1,199664,68,2024,36560,553,823,47.636695018226,0.4019
1,669201837187334144,"steve jobs was adopted. his biological father was abdulfattah jandali, a syrian muslim.",87,0,0,0,0,3479057,4,281,802371,201,3164,253.74747155499367,0.0
0,553476880339599360,"developing: police pursuing #charliehebdo shooting suspects, helicopters deployed - live feed: URL URL",102,2,0,1,1,3078067,3,66,432534,12,1977,218.82397572078906,-0.34
0,500378223977721856,"oh. so now the #ferguson police chief says the cop didn't know about the robbery when he stopped #mikebrown. the kid was ""jaywalking""? bs!",138,0,0,2,1,678839,14,89,620530,44,2172,285.76289134438304,-0.2942
1,651402689352351744,"help the red cross provide food, water & cots for refugees across europe. URL ¬† #aidrefugees URL",96,2,0,1,1,11120277,61,391,266161,789,3233,82.71017630683576,0.4019
1,634943791934406657,marilyn monroe and james dean smoking in new york city URL,58,1,0,0,0,37926,2,103,15648,137,1643,9.671332927571516,0.0
0,544319832486064128,"hostage situation erupts in sydney cafe, australian prime minister says it may be ""politically motivated"" URL",109,1,0,0,1,16023490,24,213,339279,42,1998,169.94894894894895,0.4588
1,666810213274689537,but democrats say that syrian refugees are 3 year-old orphans. so why are they worried about them buying guns?,110,0,0,0,1,1272718,24,66,149631,103,3038,49.31665569453588,-0.4215
0,553512735192141826,update - afp: an unnamed police source says the killing of the policewoman in #paris on thursday is linked to the #charliehebdo attack,134,0,0,2,1,4984442,3,85,57278,24,1892,30.332980972515855,-0.8176
0,544517264054423552,#breaking: police have confirmed that the #sydneysiege is over. #9news,70,0,0,3,1,186953,33,479,313909,209,1601,196.5209244222361,0.0
1,675005503160901632,"after mass shootings, obama seeks to expand background checks for gun sales by executive order to bypass congress URL",117,1,0,0,1,555540,45,143,85999,100,1469,58.73859768550034,-0.0258
0,641082932740947972,"judy carne, ‚Äòsock it to me girl‚Äô on ‚Äòlaugh-in,‚Äô dies at 76 URL",62,1,0,0,1,54785196,25,166,494218,132,3112,158.9142030848329,0.0
1,637868242560638980,woman stabs boyfriend for not liking instagram selfie fast¬†enough URL URL,73,2,0,0,0,23742,295,3014,265,3050,2,3312.0,-0.6319
0,498430783699554305,witness: police allegedly stopped mike brown after yelling at him to walk on sidewalk. #ferguson URL,100,1,0,1,1,264206,10,214,79717,38,1976,40.475202429149796,-0.2263
1,635632641635667968,'great pacific garbage patch' researchers return with data URL URL,66,2,0,0,1,3428972,6,90,269941,45,3008,89.78789893617021,0.6249
1,626516248206135296,this is how people in china are riding escalators after a horrific accident URL URL,83,2,0,0,1,1409025,11,155,212296,155,953,223.102833158447,-0.8176
1,676094756758364160,"steve jobs was adopted. his biological father was abdulfattah jandali, a syrian muslim.",87,0,0,0,0,3479057,7,342,802371,222,3183,252.25950361294377,0.0
0,623599854661541888,obama; - hours to light up white house in rainbow colors for gay marriage. - 5 days to lower flag for dead marines. URL,119,1,0,0,1,1346750,25,109,84890,93,2388,35.64363484087102,-0.7579
1,629209452793626624,a russian laboratory has invented a way to remove the black skin layer of black people URL,90,1,0,0,0,9879,1,51,590,0,691,0.9290882778581766,0.0
1,666497286663503872,remember: steve jobs' biological father was a syrian migrant. URL (photo: ap) URL,81,2,0,0,1,4909461,41,328,389345,202,2659,146.64009025949605,0.0
1,660466342038867969,calling #anonymous collective to fire at all #kkk & affiliated sources on nov 16. URL #opkkk #hoodsoff retweet/share,116,1,0,4,0,4220,15,136,1475,78,160,10.65,-0.34
1,656202544331517952,"no, internet, cnn did not delete its poll showing bernie sanders won the democratic debate. URL URL",99,2,0,0,1,666707,13,77,63295,53,2953,21.482560108364375,0.5719
1,647193820812177408,alert: don't fall for this new facebook scam URL URL,52,2,0,0,1,8858401,4,92,359978,43,2667,135.02699662542182,-0.3612
0,614607711368519680,photo: white house lit in rainbow colors after high court's gay marriage ruling URL URL,87,2,0,0,1,1246579,12,290,266561,455,2471,108.18211250505868,0.0
1,656818921979310081,great scott! #backtothefuture 2 (almost) nailed its 2015 predictions. @hplabs makes theirs: URL URL,99,2,1,1,1,79838,4,134,17889,132,1822,9.966520307354555,0.6588
1,647168914955243520,"new cnn/wmur nh democratic poll: bernie sanders 46 hillary clinton 30 joe biden 14 martin o'malley 2 sept. 17-23, 314 d voters, +/-5.5%",135,0,0,0,1,23967,24,144,25373,112,2271,11.295904887714663,0.4939
1,613294443878305796,cops who arrested dylann roof treated him to a burger king URL URL,66,2,0,0,1,436831,32,238,309422,66,1366,226.76281112737922,-0.4767
1,665379967757324288,"today first load of obama's 10,000 syrian ‚Äúrefugees‚Äù has arrived in new orleans ‚Äì all single males 18-30 years old URL",118,1,0,0,0,13271,16,69,573769,22,2359,243.27087749046206,0.0
1,612741808125120513,this dad loved his family so much he got eye enlargement surgery so he could look at them more URL URL,102,2,0,0,1,476439,35,992,44027,1688,471,99.23991507430998,0.5994
1,613023744454475776,first black female gop @repmialove returning donations from alleged white supremacist URL URL,93,2,1,0,1,4468952,65,335,216141,321,2676,81.03961136023916,0.128
0,614671961801785344,the white house is glowing with pride URL | ap photo URL,56,2,0,0,1,4631900,18,199,366118,212,2819,130.0273146505853,0.34
0,675490515748425728,america's first muslim female judge; carolyn walker-diallo. URL,63,1,0,0,0,627702,27,596,37809,729,1762,22.225312145289443,0.0
0,552984502063337472,#update three men including two brothers identified in france newspaper attack: source URL #jesuischarlie #charliehebdo,119,1,0,3,1,2426623,3,102,318595,17,1199,265.8190158465388,-0.4767
0,650128194209730561,an openly gay man said that he and his partner met with pope francis a day before kim davis did URL,99,1,0,0,1,54785195,24,162,494218,234,3137,157.67867389225376,0.0
1,612841482823729152,breaking news campaign donations link top gop contenders to #dylannroof. #tedcruz returns $8k. URL URL,102,2,0,2,1,140109,18,189,57572,112,1229,47.10414971521562,0.2023
1,636925368927064064,actor james earl jones is not dead: URL URL,43,2,0,0,1,294638,6,118,79990,58,2702,29.67135455218357,0.5334
1,656834590779289600,10 'back to the future' predictions that came true URL URL,58,2,0,0,1,417152,0,131,110099,82,1826,60.4118291347207,0.4215
1,681767380305985536,"sorry, mark zuckerberg is not giving $4.5 billion to 1,000 random facebook users URL URL",88,2,0,0,1,9329875,5,94,492354,93,3214,153.25015556938394,-0.3261
1,648310692794109952,"steve jobs was adopted. his biological father was abdulfattah jandali, a syrian muslim.",87,0,0,0,0,3479057,12,272,802371,199,3107,258.40167364016736,0.0
0,524995771587108864,this afternoon we've lowered our flags to half mast in honour of the canadian reservist who lost his life in ottawa. URL,120,1,0,0,1,58429,4,88,8980,75,1807,5.061981184283343,0.2263
0,552832817089236992,stills from eyewitness video show two #charliehebdo attackers wearing hoods & black clothing shoot a wounded man URL,116,1,0,1,1,32947,5,80,44665,24,1213,36.911788953009065,-0.7269
0,544291965513134080,"according to seven, this is a picture of the gunman URL",55,1,0,0,1,59803,18,86,10704,15,1994,5.4277833500501504,0.0
1,676870737932742656,plumber suing car dealership for $1m after truck he traded in ends up in hands of isis: URL URL,95,2,0,0,1,17764562,16,152,403483,97,2446,165.06459525756338,-0.2732
0,649881917534433280,"pope francis‚Äô meeting wasn‚Äôt an endorsement of kim davis, vatican says URL",74,1,0,0,1,54785195,24,154,494218,126,3136,157.69196428571428,0.3182
1,640107106943766528,"10,000 refugees expected in austria today, per the red cross. about 20 percent are sick or injured. URL",103,1,0,0,1,5123,10,152,1324,72,1880,0.8287234042553191,-0.7184
1,661299012386095105,'hoods off': anonymous announces operation to name kkk members URL #opkkk,73,1,0,1,1,9329875,7,135,492354,99,3157,156.03262591067468,0.0
1,613061089518034944,cops rewarded dylann storm roof with burger king following his arrest for an act of domestic terrorism. URL,107,1,0,0,1,417243,11,179,78723,86,1580,49.99936708860759,-0.5859
1,672424512516964352,".@johnrlottjr:""the number of ppl killed by mass shootings during obama‚Äôs tenure is 424 casualties‚Ä¶paris this year alone has 508 casualties.""",140,0,1,0,1,4518796,47,188,52066,141,2352,22.296768707482993,-0.7351
0,628319096606732290,whole foods' $6 asparagus water is just water with three stalks of asparagus in it URL URL,90,2,0,0,1,6248039,56,767,327210,1101,3016,109.12931034482759,0.0
0,524936872666353664,more shots fired just off parliament hill. police telling everyone to take cover.,81,0,0,0,1,1533965,27,1148,162141,146,2106,77.61728395061728,-0.5965
1,673611867181473792,"what? ""72 dhs employees found on terrorist watch list"" URL",58,1,0,0,1,31889,14,61,64923,24,2066,31.47241045498548,-0.6908
1,673581371458199552,men from #pakistan security forces told reporters to stop probing #tashfeenmalik background or face arrest URL,110,1,0,2,1,243634,32,278,55403,122,2252,24.793516873889875,-0.296
1,668872645589471232,"steve jobs was adopted. his biological father was abdulfattah jandali, a syrian muslim.",87,0,0,0,0,3479057,4,206,802371,173,3163,253.79513120455263,0.0
1,669613420665159680,farting does not burn 67 calories and is not a practical weight loss mechanism: URL URL,87,2,0,0,1,294638,16,105,79990,80,2792,28.721704871060172,-0.3182
1,676718762830221312,texas plumber sues car dealership after his truck winds up in isis video: URL URL,81,2,0,0,1,2566098,3,168,383689,253,2871,133.79066527342388,0.0
1,613194145423826944,.@hillaryclinton not talking about ‚Äô92 clinton-gore confederate campaign button URL URL,87,2,1,0,1,862997,27,184,160446,112,2761,58.22854038391887,0.0
0,544289409294553088,full statement from pm abbott on #sydneysiege #martinplace #lindt. URL,70,1,0,3,1,117088,7,139,144460,22,2098,68.93612964728312,0.0
1,665575674485211136,"first 10,000 syrian refugees arrive in new orleans noticed there are no women or children @realdonaldtrump #tcot URL",116,1,1,1,0,211047,35,85,120614,44,2320,52.05948275862069,-0.296
0,553587303172833280,police taking people out of #paris grocery where hostages were being held. URL,78,1,0,1,1,64119898,26,533,78834,249,2929,27.19085011949471,0.0
1,633823543541768192,obese woman arrested for starving her 7 kids: ‚Äúthere was only enough food for me‚Äù URL URL,89,2,0,0,0,14560,4,88,8496,32,576,14.965277777777779,-0.7096
0,544381485591982083,reports on @channeltennews #sydneysiege gunman wants #isil flag delivered to cafe and he also wants to speak to pm or people will be killed.,140,0,1,2,1,13312,10,85,26233,14,926,28.44708423326134,-0.6705
0,614638036593299456,"this is how the white house celebrated what obama called ""a victory for america."" #lovewins URL URL",99,2,0,1,1,3583606,24,248,320542,309,3012,106.61454183266932,0.5719
0,553587672137334785,afp: suspected #charliehebdo gunmen have been killed,52,0,0,1,1,4984442,80,1105,57278,462,1892,31.14429175475687,-0.7506
0,552811386259386370,at least 12 dead in the paris shooting. updated story and background info: URL #charliehebdo URL,96,2,0,1,1,20394212,17,256,392823,42,2838,138.52642706131078,-0.6486
1,604642913188872192,florida man sips bud light as he walks down street in only shirt and shoes; says he lost pants and underwear at beach URL,121,1,0,0,0,345997,14,122,2558,126,854,3.3021077283372366,-0.3182
1,626739062792032256,this is how people in china are riding escalators after a horrific accident URL URL,83,2,0,0,1,6248039,17,251,327210,229,3012,108.80046480743692,-0.8176
1,663722803489808384,people are enraged that starbucks' red cups aren't christmas-y enough URL URL,77,2,0,0,1,9329875,48,77,492354,73,3164,155.67383059418458,-0.4019
1,661120256732041216,breaking news here oooof #hoodsoff #opkkk #anonops #anonymous #anonfamily #kkk #racism URL,90,1,0,7,0,21337,5,128,26089,49,1430,18.371328671328673,-0.6249
1,634404792241143809,new seaworld show just elephant drowning in large tank of water with no explanation URL URL,91,2,0,0,1,11917053,64,1162,94630,1576,2725,35.754862385321104,-0.296
0,524923676484177920,breaking - shooting on parliament hill. rcmp have weapons drawn #cdnpoli URL,76,1,0,1,1,37885,8,291,16046,26,1974,8.293313069908814,-0.4404
1,665364878287224834,"ironic timing ‚Äì today first load of 10,000 syrian ‚Äúrefugees‚Äù has arrived in new orleans ‚Äì‚Ä¶ URL URL",98,2,0,0,0,194362,99,237,146148,67,1263,116.03404592240696,-0.128
1,642027433693171712,".@berniesanders says @realdonaldtrump is ""using racism as a way to attract votes"" #bernieoncnn URL URL",102,2,2,1,1,4468952,63,774,216141,794,2756,79.01741654571843,-0.3818
1,626901072209121282,everyone mad at bruce for his sex change but no one gave ashit about that nerd minkus changing into chanel west coast URL,121,1,0,0,0,47335,4,211,753,336,316,4.1265822784810124,-0.7717
0,544277117039837184,flag in window of sydney lindt cafe not an isis flag. reads: ‚Äòthere is no god but allah and muhammad is the messenger of god‚Äô (@liztilley84),140,0,1,0,1,642764,25,290,307830,48,2248,137.09653024911032,-0.1045
1,663904307113275392,"donald trump defends christmas, says ""maybe we should boycott starbucks"" over new red cups: URL URL",99,2,0,0,1,14349332,61,74,283909,75,3153,90.11068823342848,-0.3182
0,544358533819420672,breaking: three hostages appear to have escaped the sydney cafe where a siege remains ongoing. URL #sydneyseige,111,1,0,1,1,14349332,18,137,283909,40,2823,100.6390364860078,0.0
0,524965775036387329,"hero. @affanchowdhry: kevin vickers, head of security in parliament, being credited for taking down shooter #ottawa URL """,121,1,1,1,1,28267,4,120,22831,52,1548,14.862403100775193,0.8176
0,525025463648137216,breaking: a source confirms to cp24 that the deceased soldier in ottawa is cpl. nathan cirillo. cirillo was a member of the hamilton argylls,140,0,0,0,1,2274426,9,106,235584,46,2093,112.63497372193024,0.0
1,672488384695279616,reagan (11 mass shootings) bush sr (12 mass shootings) clinton (23 mass shootings) bush jr (16 mass shootings) obama (162 mass shootings),137,0,0,0,0,45423,36,337,112189,226,1346,83.79494799405646,0.0
1,642145732435292160,poll: @hillaryclinton's lead over @berniesanders shrinks as her edge over gop vanishes URL URL,94,2,2,0,1,60824825,68,767,392533,1585,3136,125.94164540816327,0.0
0,614604580601597953,"watch live: as sun goes down, white house lights up rainbow colors to celebrate scotus ruling URL URL",101,2,0,0,1,4466224,33,184,1083245,191,3019,358.944352434581,0.5719
1,643225207705075716,isis flag among refugees in germany fighting the police .. URL #norefugees #rebootliberty URL,93,2,0,2,0,8360,81,333,69632,91,47,1492.276595744681,-0.3612
1,654351281260113920,today @cnn removed a debate poll where over 80% were for @berniesanders #demdebate #clintonnewsnetwork URL,106,1,2,2,0,25,8,350,35,294,722,0.9515235457063712,0.0
1,661102820976930816,"‚ñ∫#anonymous operation #kkk ‚ñ∫ku klux klan, we never stopped watching you URL #opkkk #hoodsoff URL",96,2,0,4,0,131734,4,125,232450,80,1732,134.3296766743649,0.1695
0,544518335019229184,#breaking: at least two people have died following the #sydneysiege. 5 people are being treated by paramedics.,110,0,0,2,0,8620,10,175,78680,32,1035,76.22898550724638,-0.5574
0,614624331717545984,live from the white house...in rainbow colors. hundreds of people...hundreds URL,80,1,0,0,1,474546,24,311,124162,540,2018,61.96085232903865,0.0
1,645356735545364480,dna confirms hakeem from ‚Äòempire‚Äô is jay-z's biological son [read detailsüëáüëáüëáüëáüëáüèæüëáüèø URL URL,89,2,0,0,0,9926,2,80,183,34,183,1.633879781420765,0.0
0,544274934835707905,several people being held hostage at a sydney cafe. australian tv showing people with hands up against a window: URL,116,1,0,0,1,39197927,22,570,356129,92,2873,124.19526627218934,0.0
1,655080266784968705,poll: @hillaryclinton pulls even with @berniesanders in new hampshire after debate URL URL,90,2,2,0,1,60824825,66,109,392533,134,3171,123.88584042888678,0.0
0,614617234942656512,the white house tonight is illuminated in rainbow colors to honor and celebrate marriage equality. bravo! URL,109,1,0,0,1,1964316,62,2320,52838,2928,2434,23.889893179950697,0.8016
0,544271362022338560,"black islamic flag being held up in window of #lindt chocolate store in martin place, sydney - hostages inside. URL",115,1,0,1,1,2783,6,142,4972,23,1781,2.8877035373385738,0.0
0,552793679082311680,"11 confirmed dead, francois hollande to visit scene of attack - latest from paris: URL URL",90,2,0,0,1,3346527,5,103,519776,12,2302,225.84535186794093,-0.8126
0,628681462976528384,"whole foods called out for selling $6 ""asparagus water,"" water with stalks of asparagus in it URL URL",101,2,0,0,1,8858401,20,158,359978,71,2616,137.70145259938838,0.0
0,650037735579910145,the vatican insists pope francis‚Äô encounter with kim davis was not endorsement of her views URL URL,99,2,0,0,1,256924,50,154,18062,162,2535,7.269428007889546,-0.2411
0,544289941996326912,prime minister tony abbott's statement on the #sydneysiege. updates: URL URL,76,2,0,1,1,809031,4,136,267497,49,2611,102.52240520873228,0.0
0,649974380416618496,"vatican official says there is ""a sense of regret"" that pope francis met with kim davis: URL URL",96,2,0,0,1,25676586,71,181,952081,156,3118,305.4807568954458,-0.4215
0,616481759329427456,"just a crow riding an eagle, nbd. URL URL",41,2,0,0,1,9329875,32,457,492355,499,3034,162.60481212920237,0.3182
1,613114185505996802,"gop candidates, lawmakers return donations made by leader of racist group cited in dylann roof's manifesto: URL",111,1,0,0,1,16023490,21,96,339279,59,2187,155.21490626428897,-0.6124
0,552785375161499649,breaking: 10 reportedly shot dead at paris hq of french weekly charlie hebdo URL,80,1,0,0,1,3629813,3,94,1361198,3,2264,601.280035335689,-0.6486
1,672180526946656256,"obama: ""we have a pattern now of mass shootings in this country that has no parallel anywhere else in the world"" URL",116,1,0,0,1,84384,22,309,239678,251,3178,75.60100692259283,-0.296
0,524925215235911680,#breaking news: shots fired at parliament hill. follow developing story: URL URL,80,2,0,1,1,2009629,21,422,605909,62,2601,233.14648212226066,-0.5574
0,525028734991343617,ctv news confirms that canadian authorities have provided us authorities with the name michael zehaf-bibeau in connection to ottawa shooting,140,0,0,0,1,2274426,1,102,235584,41,2093,112.6268514094601,0.0
1,647169726158925824,"poll: @hillaryclinton trails @berniesanders in new hampshire, even without @vp in the race URL URL",98,2,3,0,1,4468951,22,206,216141,284,2770,78.21407942238267,0.0
1,631388553801564160,did a real life 'fallen angel' just fall from the sky in london? URL,68,1,0,0,0,46034,9,248,38771,62,296,132.0608108108108,-0.3612
1,656811196218286080,10 'back to the future' predictions that came true URL URL,58,2,0,0,1,417152,4,214,110099,155,1826,60.499452354874045,0.4215
0,674358835675549696,1.15 million americans have been killed by guns since john lennon's death URL,77,1,0,0,1,6386999,30,511,182846,374,2763,66.50778139703222,-0.8555
0,616765822095261700,a crow tries to fight an eagle‚Äîgets a free ride instead: URL,60,1,0,0,1,28601675,10,150,68532,204,2418,28.492969396195203,0.1779
0,614610364702044164,white house set aglow with rainbow pride URL | ap photo URL,59,2,0,0,1,4631901,18,399,366118,398,2819,130.16424263923378,0.34
0,640967537178472448,"judy carne, ""laugh-in‚Äôs"" ""sock it to me"" girl, dies at 76 URL URL",65,2,0,0,1,2877649,18,148,405564,83,2482,163.50241740531828,0.0
0,614595106906226688,the white house bathed in rainbow #scotusgaymarriage URL,56,1,0,1,1,7446,9,759,33541,927,2312,15.240484429065743,0.0
0,525049639016615937,this is the soldier who died today at the #ottawa war memorial. his name is cpl. nathan cirillo. #rip #ottawastrong URL,119,1,0,3,1,23121,6,157,24176,87,1904,12.828781512605042,-0.8176
0,614790312955904000,see the white house light up as a rainbow to celebrate gay marriage URL URL,75,2,0,0,1,19429132,79,825,405766,1154,2641,154.42029534267323,0.5719
0,544520273718812672,police confirm that #sydneysiege is finally over. two people reportedly injured after suffering gunshot wounds URL,114,1,0,1,1,64172,13,79,40123,113,1811,22.268360022087244,-0.7003
0,544350712365207552,#breaking reports two customers and an employee have escaped the #sydneysiege URL,81,1,0,2,1,219934,5,98,253247,46,2629,96.38493723849372,0.0
0,614702244001382400,white house set aglow with rainbow pride URL | ap photo URL,59,2,0,0,1,4631901,45,354,366118,557,2819,130.21426037601987,0.34
0,524925987239120897,soldier shot at national war memorial in ottawa URL #cdnpoli #hw,64,1,0,2,1,242452,5,105,62268,8,1864,33.46888412017167,-0.5994
0,614620298877513729,white house lit in rainbow colors following us supreme court ruling that same-sex couples have right to marry. URL,114,1,0,0,1,17764562,63,798,403483,1093,2275,178.21406593406593,0.5574
0,552791578893619200,eleven dead in shooting at paris offices of satirical magazine charlie hebdo ‚Äì live updates URL,95,1,0,0,1,10840399,19,263,795743,17,1889,421.40921122286926,-0.6486
0,649889459836710912,"breaking news: pope francis‚Äô encounter with kim davis wasn‚Äôt an endorsement of her views, the vatican says. URL",111,1,0,0,1,54785197,45,294,494218,195,3136,157.76530612244898,0.3182
0,524980744658382848,"#rcmp to hold news conference on #ottawa shootings at 2 pm et, 11 am pt. watch live coverage @ URL",98,1,1,2,1,1533965,6,164,162141,43,2106,77.09116809116809,0.0
0,544352727971954690,"local media: 3 people appear to escape from martin place, sydney, caf√©, amid hostage situation - @abcnews URL",109,1,1,0,1,9625877,6,178,107212,60,2773,38.75081139560043,0.1779
0,614594259900080128,"watch live: as sun goes down, white house lights up rainbow colors to celebrate scotus ruling URL URL",101,2,0,0,1,4466224,12,127,1083245,131,3019,358.89864193441537,0.5719
0,614614133410033664,the white house goes rainbow to celebrate supreme court marriage ruling URL URL,79,2,0,0,1,9351341,44,586,357411,857,2657,135.07640195709448,0.8074
0,544278335455776769,"#breaking hostages held inside sydney cafe, islamic flag held up",64,0,0,1,1,2426624,22,155,318595,17,1174,271.5408858603066,0.0
0,651018580989972480,pope francis expected to fire the archbishop who tricked him into meeting kim davis URL,87,1,0,0,0,88745,18,129,73009,149,2502,29.298561151079138,-0.4588
0,667073349974102017,anne frank was a refugee denied entrance to the united states URL #syrianrefugees URL,85,2,0,1,0,16183,4,208,4738,106,1762,2.869466515323496,-0.0258
0,668849913678209024,that superman poster is legit: URL URL,38,2,0,0,1,294638,6,240,79990,193,2790,28.827598566308243,0.0
0,524925050739490816,breaking news: soldier shot at national war memorial in ottawa URL,66,1,0,0,1,3428972,19,214,269941,34,2702,100.00296076980015,-0.5994
0,628336948810268673,whole foods tests the limits of yuppie diet fads with new $6 asparagus water - URL URL,86,2,0,0,1,315390,5,146,47587,163,1078,44.435064935064936,0.0
0,552783667052167168,"france: 10 people dead after shooting at hq of satirical weekly newspaper #charliehebdo, according to witnesses URL",115,1,0,1,1,552500,4,369,168775,28,2121,79.76237623762377,-0.6486
0,552834961762709505,paris manhunt: 3 #charliehebdo attackers with ak-47 rifles & reportedly rocket-propelled grenade still at large URL,115,1,0,1,1,3078067,10,70,432534,11,1975,219.0506329113924,-0.5719
0,553160652567498752,french police: said kouachi and cherif kouachi wanted in paris terror attack: URL URL,85,2,0,0,1,17764562,12,95,403483,33,2105,191.74489311163896,-0.7579
0,544268732046913536,#breaking: hostages are being held and a siege is taking place at sydney's lindt chocolat cafe in martin place.,111,0,0,1,1,642764,6,74,307830,7,2248,136.97375444839858,0.0
0,544282005941530624,hostages in sydney cafe made to hold up islamic flags URL,57,1,0,0,1,2830847,7,68,523959,35,2218,236.2799819657349,0.0
0,614609560658161664,the white house is lit like a rainbow tonight in honor of the #scotusmarriage ruling. URL,89,1,0,1,1,149232,83,802,164877,923,2475,67.34747474747475,0.6908
0,580348081100734464,"#germanwings ""sorry to confirm"" 144 passengers & 6 crew on board flight #4u9525 when it crashed in french alps URL",114,1,0,2,1,51533881,70,1237,38623,356,2893,13.925337020394055,-0.0772
0,553586860334010368,#charliehebdo killers shot dead by police,41,0,0,1,1,574323,34,199,84071,100,655,128.86106870229008,-0.8625
0,552792544132997121,breaking charlie hebdo latest: 11 dead 10 wounded (five critical) two gunmen unaccounted for URL URL,100,2,0,0,1,3629813,3,154,1361199,28,2264,601.3180212014134,-0.765
0,615592870540488704,"if they can light up the white house like a rainbow, it sure as hell better be red, white & blue for independence day.",118,0,0,0,0,422417,8,621,11701,797,1396,9.403295128939828,0.2732
0,614610102927147008,bro there's either a black president in a rainbow whitehouse or i'm having the best trip ever,93,0,0,0,0,42681,6,297,23958,751,1600,15.6325,0.6369
0,614650850393391104,wow! what a way to end this historic day! URL #lovewins #loveislove #equalityforall #lgbt URL,93,2,0,4,0,13518,0,134,20389,143,877,23.56442417331813,0.658
0,614648099542204416,white house shines rainbow-colored lights in honor of #scotus gay marriage decision #lovewins URL URL,101,2,0,2,1,3583605,24,226,320542,241,3012,106.58466135458167,0.4939
0,544514564407427072,"police seem relaxed, suggesting all hostages are out and gunman no longer a threat URL #sydneysiege",99,1,0,1,1,27756,2,82,101033,32,427,236.88290398126463,-0.34
0,553566026030272512,"breaking: two hostage situations in france are linked, paris prosecutor says",76,0,0,0,1,17764562,8,127,403483,47,2106,191.67378917378917,0.0
0,553506608203169792,"map shows industrial estate where 2 #charliehebdo suspects are holed up, surrounded by police URL URL",101,2,0,1,1,51533881,34,477,38623,182,2819,13.94678964171692,-0.34
0,524959809402331137,senior u.s. official: canadian government has informed u.s. that one shooter is dead in ottawa. live blog: URL,110,1,0,0,1,64119898,34,314,78834,153,2850,27.83684210526316,-0.6486
0,614599815280857088,look: @whitehouse lights up in rainbow colors to celebrate #scotus same-sex marriage ruling URL,95,1,1,1,1,396293,29,607,143281,528,2222,65.00675067506751,0.5719
0,614615157730357248,"watch live: as sun goes down, white house lights up rainbow colors to celebrate scotus ruling URL URL",101,2,0,0,1,4466224,22,145,1083245,135,3019,358.9092414706857,0.5719
0,619242759359037440,"obama 2008:""i support traditional marriage, christians vote for me"" obama 2015:""the white house is a rainbow. bring me my unicorn"" merica.",138,0,0,0,0,1549269,24,1645,22705,4599,1269,22.83136327817179,0.4019
0,552792913910833152,at least 11 dead in shooting at hq of #charliehebdo in #paris (police source) URL,81,1,0,2,1,4079396,4,97,379336,24,2847,133.28451001053742,-0.6486
0,667487418388488192,"the picture of a syrian child ""surrendering"" to a camera is real. URL URL",73,2,0,0,1,294638,19,325,79990,160,2786,28.892318736539842,0.0
0,553586897168392192,#breaking : both charlie hebdo suspects killed as police storm building (police sources) URL URL,96,2,0,1,1,353475,7,353,331851,73,2123,156.51625058878946,-0.7845
0,544399927045283840,"nsw police confirm 5 hostages have emerged from #sydneysiege and they are negotiating: ""it might take a bit of time"" URL",120,1,0,1,1,51533881,26,454,38623,185,2794,14.061560486757337,0.0
0,552792802309181440,#charliehebdo - 11 dead including 2 police in paris shooting. photo @martinbureau1 #afp URL,91,1,1,2,1,199664,5,89,36560,14,821,44.662606577344704,-0.6486
0,614891047886434304,the white house was lit up with rainbow lights to celebrate marriage equality: URL URL,86,2,0,0,1,1720965,5,128,557042,163,2564,217.37051482059283,0.5719
0,525023025792835585,#ripnathancirillo rt @globeandmail: soldier killed at war memorial identified as cpl. nathan cirillo #ottawashooting URL,120,1,1,2,1,51349,9,107,75573,48,2143,35.34157722818479,-0.8555
0,553558982476828674,"on israeli tv, an israeli woman speaks of her nephew,a mother with 6 month old baby, held hostage in the supermarket in paris. #jesuisjuif",138,0,0,1,1,35867,6,87,5977,23,1285,4.741634241245136,0.0
0,544290258951892992,central sydney shut down by police amid ongoing hostage situation: URL,70,1,0,0,1,20394211,8,117,392823,34,2815,139.60284191829484,0.0
0,552802654641225728,charlie hebdo shooting latest: 12 dead and gunmen still at large URL URL,72,2,0,0,1,107778,5,90,163028,17,258,632.3255813953489,-0.6486
0,544305540286148609,a man believed to be the gunman filmed wearing a black headband inside the cafe URL URL,87,2,0,0,1,27756,8,82,101033,10,427,236.8454332552693,0.0
0,524923462398513152,shots fired on parliament hill after a man walked up with a gun. i'm locked in a security office on parliament hill,115,0,0,0,1,19985,12,133,51813,16,1356,38.32890855457227,-0.5574
0,616421546702336000,"woah, nature. URL URL",21,2,0,0,1,9329874,12,149,492355,185,3034,162.39321028345418,0.0
0,524944399890124801,recap: gunman shot dead inside parliament buildings; police believe there may be others on loose. cdn soldier shot earlier at war memorial.,139,0,0,0,1,1533965,8,706,162141,97,2106,77.37511870845204,-0.8885
0,544391176137089024,"hostage taker in sydney cafe demands isis flag and call with australian pm, sky news reports. URL #sydneysiege",110,1,0,1,1,14349332,26,189,283909,24,2823,100.65462274176409,0.0
0,524969201102901248,mps credit sergeant-at-arms for saving lives in parliament hill shootings URL URL,81,2,0,0,1,2274426,18,308,235584,198,2093,112.80840898232202,0.3818
0,552806757672964097,"update: 12 now confirmed dead in #charliehebdo attack in paris, @ap is reporting. story: URL (ap) URL",101,2,1,1,1,4909461,9,221,389345,42,2345,166.14797441364607,-0.8126
0,614593386188828672,white house lit in rainbow colors following us supreme court ruling that same-sex couples have right to marry. URL,114,1,0,0,1,17764562,67,880,403483,1263,2275,178.32659340659342,0.5574
0,650046859537448960,an openly gay man said that he and his partner met with pope francis a day before kim davis did URL,99,1,0,0,1,54785196,28,135,494218,199,3136,157.71045918367346,0.0
0,544269749405097984,breaking: live coverage of hostage situation unfolding in sydney's martin place URL URL,87,2,0,0,1,619651,28,358,293276,64,2361,124.40745446844558,0.0
